Feature,Importance
Recency,0.7284095766303291
RFM_Value,0.15118691150394822
CustomerLifetime,0.0365466309233291
MonthsSinceFirstPurchase,0.029297333620896898
Monetary,0.014761386996009816
PurchaseFrequency,0.013889586358716424
Frequency,0.012332896144258435
AvgOrderValue,0.006161764863686379
UniqueProducts,0.005751751661179056
IsOneTimeBuyer,0.001662161297646625
